Id_produto,nome_produto,desc_produto,preco_produto,qtd_estoque,departamento
1,ACARBOSE,50 MG,29.14,50,DIABETICOS
2,ACARBOSE,100 MG,44.24,30,DIABETICOS
3,BENZOATO DE ALOGLIPTINA,25MG,216.50,40,DIABETICOS
4,CLORIDRATO DE METFORMINA,850 MG,1.58,10,DIABETICOS
5,CLORIDRATO DE METFORMINA,4 MG,125.78,100,DIABETICOS
6,CLORIDRATO DE PIOGLITAZONA,30 MG,320.80,15,DIABETICOS
7,FOSFATO DE SITAGLIPTINA MONOIDRATADO,100 MG,226.51,14,DIABETICOS
8,GLIBENCLAMIDA,5 MG,16.61,62,DIABETICOS
9,GLIBENCLAMIDA,500 MG,38.01,42,DIABETICOS
10,GLICLAZIDA,60 MG,89.34,52,DIABETICOS
11,GLICLAZIDA,500 MG,79.04,22,DIABETICOS
12,GLIMEPIRIDA,2 MG,42.26,112,DIABETICOS
13,INSULINA ASPARTE,100 U,218.65,27,DIABETICOS
14,INSULINA DEGLUDECA,100 U,761.74,26,DIABETICOS
15,INSULINA DETEMIR,100 U,449.16,74,DIABETICOS
16,INSULINA GLARGINA,100 U,82.16,54,DIABETICOS
17,INSULINA GLARGINA,100 U,167.56,64,DIABETICOS
18,INSULINA GLULISINA,100 UI,106.38,34,DIABETICOS
19,INSULINA ISOFANA,100 UI,42.01,124,DIABETICOS
20,INSULINA LISPRO,100 UI,53.39,39,DIABETICOS
21,LINAGLIPTINA,5 MG,222.69,38,DIABETICOS
22,LIRAGLUTIDA,100 U,222.05,86,DIABETICOS
23,SAXAGLIPTINA,5.0 MG,116.35,66,DIABETICOS
24,TARTARATO DE EVOGLIPTINA,5 MG,145.52,76,DIABETICOS
25,VILDAGLIPTINA,50 MG,113.10,46,DIABETICOS
26,ACETATO DE RACEALFATOCOFEROL,400 MG,45.98,136,SUPLEMENTOS E VITAMINAS
27,ACETATO DE RACEALFATOCOFEROL,10,446.35,51,SUPLEMENTOS E VITAMINAS
28,ACETATO DE RETINOL,50000,15.80,50,SUPLEMENTOS E VITAMINAS
29,ASCORBATO DE SODIO,1000MG,43.25,98,SUPLEMENTOS E VITAMINAS
30,ASPARTATO DE MAGNESIO,DRG CT FR VD AMB X 60,64.44,78,SUPLEMENTOS E VITAMINAS
31,BENFOTIAMINA,150 MG,65.04,88,SUPLEMENTOS E VITAMINAS
32,CALCITRIOL,0.25 MCG,91.33,58,SUPLEMENTOS E VITAMINAS
33,CARBONATO DE CALCIO,1.250 MG,143.45,148,SUPLEMENTOS E VITAMINAS
34,CARBONATO DE CALCIO,1500 MG,32.48,63,SUPLEMENTOS E VITAMINAS
35,CIANOCOBALAMINA,2500 MCG,16.77,62,SUPLEMENTOS E VITAMINAS
36,CLORETO DE POTASSIO,19.1G,118.40,110,SUPLEMENTOS E VITAMINAS
37,CLORETO FERRICO,10 MG,445.65,90,SUPLEMENTOS E VITAMINAS
38,CLORIDRATO DE PIRIDOXINA,40 MG,29.91,100,SUPLEMENTOS E VITAMINAS
39,CLORIDRATO DE PIRIDOXINA,100,48.36,70,SUPLEMENTOS E VITAMINAS
40,CLORIDRATO DE PIRIDOXINA,0.80 MG,61.38,160,SUPLEMENTOS E VITAMINAS
41,CLORIDRATO DE TIAMINA,100 MG,613.82,75,SUPLEMENTOS E VITAMINAS
42,CLORIDRATO DE TIAMINA,50,17.49,74,SUPLEMENTOS E VITAMINAS
43,COLECALCIFEROL,14000 UI,68.33,122,SUPLEMENTOS E VITAMINAS
44,FOSFATO DE CALCIO DIBASICO,11 MG,77.53,102,SUPLEMENTOS E VITAMINAS
45,FOSFATO DE CALCIO TRIBASICO,0.1,24.43,112,SUPLEMENTOS E VITAMINAS
46,FRUTOSE,12 MG,17.14,82,SUPLEMENTOS E VITAMINAS
47,FUMARATO FERROSO,13 MG,49.34,172,SUPLEMENTOS E VITAMINAS
48,GLICINATO DE MAGNESIO,722.22 MG,149.96,87,SUPLEMENTOS E VITAMINAS
49,GLICONATO DE ZINCO,1G,62.70,86,SUPLEMENTOS E VITAMINAS
50,GLYCYRRHIZA GLABRA L.,25 MG,43.50,134,SUPLEMENTOS E VITAMINAS
51,HIDROXOCOBALAMINA,2000 MCG,30.61,114,SUPLEMENTOS E VITAMINAS
52,IODETO DE POTASSIO,14 MG,81.31,124,SUPLEMENTOS E VITAMINAS
53,MECOBALAMINA,1000 MCG,203.27,94,SUPLEMENTOS E VITAMINAS
54,MENAEPTENONA,7000UI,201.58,184,SUPLEMENTOS E VITAMINAS
55,MONONITRATO DE TIAMINA,DRG CX BL AL PLAS TRANS  X 200 EMB HOSP,90.78,99,SUPLEMENTOS E VITAMINAS
56,NICOTINAMIDA,15 MG,551.03,98,SUPLEMENTOS E VITAMINAS
57,NICOTINAMIDA,16 MG,213.78,146,SUPLEMENTOS E VITAMINAS
58,NICOTINAMIDA,17 MG,18.19,126,SUPLEMENTOS E VITAMINAS
59,NICOTINAMIDA,6,430.00,136,SUPLEMENTOS E VITAMINAS
60,NICOTINAMIDA,18 MG,28.53,106,SUPLEMENTOS E VITAMINAS
61,NITRATO DE TIAMINA,100,190.03,196,SUPLEMENTOS E VITAMINAS
62,NITRATO DE TIAMINA,19 MG,279.14,111,SUPLEMENTOS E VITAMINAS
63,PALMITATO DE RETINOL,200.000 UI,17.68,110,SUPLEMENTOS E VITAMINAS
64,PALMITATO DE RETINOL,3000,572.47,158,SUPLEMENTOS E VITAMINAS
65,PANAX GINSENG,20 MG,130.41,138,SUPLEMENTOS E VITAMINAS
66,SULFATO CUPRICO PENTAIDRATADO,8.80 MG,799.61,148,SUPLEMENTOS E VITAMINAS
67,SULFATO DE ZINCO,20 MG,39.65,118,SUPLEMENTOS E VITAMINAS
68,SULFATO DE ZINCO HEPTAIDRATADO,200 MCG,493.32,208,SUPLEMENTOS E VITAMINAS
69,VITAMINA B1,3,14.68,123,SUPLEMENTOS E VITAMINAS
70,ACIDO ASCORBICO,200 MG,16.20,122,SUPLEMENTOS E VITAMINAS
71,ACIDO SELENIOSO,60 MCG,150.31,170,SUPLEMENTOS E VITAMINAS
72,OXIDO CUPRICO,21 MG,137.65,150,SUPLEMENTOS E VITAMINAS
73,AMBRISENTANA,5 MG,23.48,160,HIPERTENSAO
74,BOSENTANA,125 MG,44.91,130,HIPERTENSAO
75,BOSENTANA MONOIDRATADA,125 MG,28.28,220,HIPERTENSAO
76,CITRATO DE SILDENAFILA,20 MG,13.86,135,HIPERTENSAO
77,CLORIDRATO DE CLONIDINA,0.10 MG,45.32,134,HIPERTENSAO
78,CLORIDRATO DE HIDRALAZINA,20 MG,297.09,182,HIPERTENSAO
79,CLORTALIDONA,50 MG,18.51,162,HIPERTENSAO
80,DIAZOXIDO,15 MG,85.58,172,HIPERTENSAO
81,EPLERENONA,25 MG,46.38,142,HIPERTENSAO
82,ESPIRONOLACTONA,50 MG,31.74,232,HIPERTENSAO
83,FUROSEMIDA,10 MG,9.83,147,HIPERTENSAO
84,FUROSEMIDA,40 MG,96.48,146,HIPERTENSAO
85,HIDROCLOROTIAZIDA,25 MG,45.30,194,HIPERTENSAO
86,ILOPROSTA,10 MCG,14.22,174,HIPERTENSAO
87,INDAPAMIDA,1.5 MG,34.40,184,HIPERTENSAO
88,MESILATO DE DOXAZOSINA,2 MG,75.40,154,HIPERTENSAO
89,METILDOPA,500 MG,59.11,244,HIPERTENSAO
90,METILDOPA SESQUIIDRATADO,500 MG,38.41,159,HIPERTENSAO
91,NITROPRUSSETO DE SODIO,25 MG,165.49,158,HIPERTENSAO
92,NITROPRUSSETO DE SODIO DIHIDRATADO,50 MG PO LIOF,214.06,206,HIPERTENSAO
93,RILMENIDINA,1 MG,94.23,186,HIPERTENSAO
94,RIOCIGUATE,2.5 MG,99.40,196,HIPERTENSAO
95,SELEXIPAGUE,0.8 MG,121.51,166,HIPERTENSAO
96,ADAPALENO,1 MG,42.99,256,DERMATOLOGICOS
97,ADAPALENO,3,142.74,171,DERMATOLOGICOS
98,ALFAESTRADIOL,0.25 MG,165.32,170,DERMATOLOGICOS
99,BIOTINA,2.5 MG,635.53,218,DERMATOLOGICOS
100,CETOCONAZOL,20.0 MG,20.73,198,DERMATOLOGICOS
101,CICLOPIROX,80 MG,172.07,208,DERMATOLOGICOS
102,CICLOPIROX OLAMINA,10 MG,23.72,178,DERMATOLOGICOS
103,CLORANFENICOL,0.6 U,29.70,268,DERMATOLOGICOS
104,CLORANFENICOL,666 U,667.31,183,DERMATOLOGICOS
105,CLORETO DE BENZALCONIO,20 MG,16.63,182,DERMATOLOGICOS
106,CLORETO DE BENZALCONIO,20,13.72,230,DERMATOLOGICOS
107,CLORIDRATO DE AMOROLFINA,50 MG,109.09,210,DERMATOLOGICOS
108,CLORIDRATO DE AMOROLFINA,50 MG,138.42,220,DERMATOLOGICOS
109,CLORIDRATO DE DIFENIDRAMINA,80.0 MG,45.49,190,DERMATOLOGICOS
110,CLORIDRATO DE ISOTIPENDIL,7.5 MG,16.64,280,DERMATOLOGICOS
111,CLORIDRATO DE LIDOCAINA,21 MG,17.73,195,DERMATOLOGICOS
112,CLORIDRATO DE PROMETAZINA,20 MG,17.70,194,DERMATOLOGICOS
113,CLORIDRATO DE TERBINAFINA,10 MG,26.62,242,DERMATOLOGICOS
114,CLOTRIMAZOL,10 MG,11.65,222,DERMATOLOGICOS
115,COLAGENASE,1.2 U,49.60,232,DERMATOLOGICOS
116,DEXPANTENOL,50 MG,17.82,202,DERMATOLOGICOS
117,FINASTERIDA,1 MG,61.40,292,DERMATOLOGICOS
118,FLUOCINOLONA ACETONIDA,40 MG,106.87,207,DERMATOLOGICOS
119,FLUOCINOLONA ACETONIDA,40 MG,142.92,206,DERMATOLOGICOS
120,HEPARINA SODICA SUINA,10 000 UI,303.81,254,DERMATOLOGICOS
121,HIDROQUINONA,40 MG,41.67,234,DERMATOLOGICOS
122,IODO POVIDONA PVPI,7 MG,45.64,244,DERMATOLOGICOS
123,IODO,20 MG,30.87,214,DERMATOLOGICOS
124,ISOCONAZOL,10 MG,49.54,304,DERMATOLOGICOS
125,ISOTRETINOINA,20 MG,141.69,219,DERMATOLOGICOS
126,IVERMECTINA,10 MG,109.05,218,DERMATOLOGICOS
127,MALEATO DE DEXCLORFENIRAMINA,10 MG,11.20,266,DERMATOLOGICOS
128,METRONIDAZOL,7.5 MG,76.07,246,DERMATOLOGICOS
129,MINOXIDIL,50 MG,344.38,256,DERMATOLOGICOS
130,NISTATINA,100.000 UI,45.49,226,DERMATOLOGICOS
131,NITRATO DE FENTICONAZOL,20MG,47.15,316,DERMATOLOGICOS
133,NITRATO DE MICONAZOL,20 MG,45.64,230,DERMATOLOGICOS
134,NITRATO DE OXICONAZOL,10 MG,45.58,278,DERMATOLOGICOS
135,NITRATO DE TIAMINA,60MG,235.39,258,DERMATOLOGICOS
136,PALMITATO DE RETINOL,150 MG,18.92,268,DERMATOLOGICOS
137,PEROXIDO DE BENZOILA,10 MG,73.40,238,DERMATOLOGICOS
138,PEROXIDO DE BENZOILA,50 MG,34.06,60,DERMATOLOGICOS
139,PEROXIDO DE BENZOILA,50,36.09,40,DERMATOLOGICOS
140,POLYPODIUM LEUCOTOMOS,250 MG,139.72,50,DERMATOLOGICOS
141,PROMETAZINA,20 MG,16.35,20,DERMATOLOGICOS
142,PROPIONATO DE CALCIO,40,17.22,110,DERMATOLOGICOS
143,STRYPHNODENDRON BARBATIMAN MART.,60 MG,164.66,25,DERMATOLOGICOS
144,SUBGALATO DE BISMUTO,1.5,50.76,24,DERMATOLOGICOS
145,SULFACETAMIDA SODICA,74MG,45.40,72,DERMATOLOGICOS
146,SULFETO DE SELENIO,25 MG,98.58,52,DERMATOLOGICOS
147,TIOCONAZOL,280 MG,250.31,62,DERMATOLOGICOS
148,TRETINOINA,1.00MG,81.82,32,DERMATOLOGICOS
149,TRETINOINA,0.25 MG,80.01,122,DERMATOLOGICOS
150,TRICLOSANA,4.5,45.56,37,DERMATOLOGICOS
151,UREIA,200 MG,68.25,36,DERMATOLOGICOS
152,ACIDO AZELAICO,150 MG,64.53,84,DERMATOLOGICOS
153,ACIDO HIALURONICO,2 MG,28.54,64,DERMATOLOGICOS
154,ACIDO PARAMINOBENZOICO,60MG,156.92,74,DERMATOLOGICOS
155,ACIDO SALICILICO,3.0G,10.62,44,DERMATOLOGICOS
156,ACETATO DE ATOSIBANA,7.5 MG,298.28,134,GINECOLOGICOS
157,ACETATO DE CIPROTERONA,35,23.99,49,GINECOLOGICOS
158,ACETATO DE CLORMADINONA,2 MG,44.15,48,GINECOLOGICOS
159,ACETATO DE MEDROXIPROGESTERONA,150 MG,45.07,96,GINECOLOGICOS
160,ACETATO DE MEDROXIPROGESTERONA,25 MG,29.88,76,GINECOLOGICOS
161,ACETATO DE NOMEGESTROL,2.5,128.58,86,GINECOLOGICOS
162,ACTAEA RACEMOSA L.,80 MG,72.11,56,GINECOLOGICOS
163,BENZOILMETRONIDAZOL,40 MG,470.68,146,GINECOLOGICOS
164,BETACIPIONATO DE ESTRADIOL,25 MG,29.88,61,GINECOLOGICOS
165,BROMIDRATO DE DARIFENACINA,15 MG,250.82,60,GINECOLOGICOS
166,CIPIONATO DE TESTOSTERONA,100 MG,192.86,108,GINECOLOGICOS
167,CLATRATO DE ETINILESTRADIOL BETACICLODEXTRINA,3 MG,75.83,88,GINECOLOGICOS
168,CLORANFENICOL,0.6 UI,48.05,98,GINECOLOGICOS
169,CLORETO DE BENZALCONIO,62.5 MG,53.64,68,GINECOLOGICOS
170,CLORETO DE BENZALCONIO,62.5 MG,33.85,158,GINECOLOGICOS
171,CLORETO DE OXIBUTININA,1 MG,41.42,73,GINECOLOGICOS
172,CLORETO DE TROSPIO,30 MG,129.46,72,GINECOLOGICOS
173,CLORIDRATO DE BENZIDAMINA,53.2 MG,38.69,120,GINECOLOGICOS
174,CLORIDRATO DE ISOXSUPRINA,5 MG,391.54,100,GINECOLOGICOS
175,CLORIDRATO DE OXIBUTININA,10 MG,93.70,110,GINECOLOGICOS
176,CLORIDRATO DE TETRACICLINA,25 MG,54.23,80,GINECOLOGICOS
177,CLOTRIMAZOL,10 MG,44.59,170,GINECOLOGICOS
178,DANAZOL,200 MG,220.16,85,GINECOLOGICOS
179,DECANOATO DE TESTOSTERONA,30,39.50,84,GINECOLOGICOS
180,DESOGESTREL,75 MCG,78.23,132,GINECOLOGICOS
181,DESOGESTREL,0.15,82.94,112,GINECOLOGICOS
182,DEXAMETASONA,CREM VAG CT BG AL X 60 G,66.13,122,GINECOLOGICOS
183,DIENOGESTE,3 MG,51.15,92,GINECOLOGICOS
184,DINOPROSTONA,10 MG OVL CT ENV AL PLAS PE X 1,281.65,182,GINECOLOGICOS
185,DROSPIRENONA,4 MG,88.99,97,GINECOLOGICOS
186,ENANTATO DE NORETISTERONA,50 MG,31.56,96,GINECOLOGICOS
187,ESTRADIOL HEMIHIDRATADO,1 MG,49.42,144,GINECOLOGICOS
188,ESTRIOL,1 MG,45.28,124,GINECOLOGICOS
189,ESTROGENIOS CONJUGADOS,0.625 MG,33.88,134,GINECOLOGICOS
190,ETINILESTRADIOL,3 MG,49.42,104,GINECOLOGICOS
191,ETINILESTRADIOL,3 MG,62.92,194,GINECOLOGICOS
192,ETINILESTRADIOL,3,227.44,109,GINECOLOGICOS
193,ETONOGESTREL,68 MG IMPLANTE CT BL X 1 APLIC,781.83,108,GINECOLOGICOS
194,ETONOGESTREL,11.7 MG,79.65,156,GINECOLOGICOS
195,GESTODENO,0.06 MG,69.44,136,GINECOLOGICOS
197,LEVONORGESTREL MICRONIZADO,0.15,24.92,146,GINECOLOGICOS
198,LEVONORGESTREL,100 MCG,19.81,116,GINECOLOGICOS
199,METRONIDAZOL,100 MG,44.85,206,GINECOLOGICOS
200,METRONIDAZOL BENZOIL,100 MG,40.53,121,GINECOLOGICOS
201,MIRABEGRONA,50 MG,49.09,120,GINECOLOGICOS
202,NISTATINA,25.000 UI,11.52,168,GINECOLOGICOS
203,NISTATINA,100MG,42.25,148,GINECOLOGICOS
204,NISTATINA,200 MG,32.68,158,GINECOLOGICOS
205,NITRATO DE BUTOCONAZOL,20 MG,78.51,128,GINECOLOGICOS
206,NITRATO DE FENTICONAZOL,0.02 G,33.26,218,GINECOLOGICOS
207,NITRATO DE ISOCONAZOL,600 MG OVL CT STR X 1,79.23,133,GINECOLOGICOS
208,NITRATO DE MICONAZOL,20 MG,34.24,132,GINECOLOGICOS
209,NITRATO DE MICONAZOL,750 MG,82.44,180,GINECOLOGICOS
210,NITRATO DE MICONAZOL,30 MG,43.50,160,GINECOLOGICOS
211,NORELGESTROMINA,0.6,97.34,170,GINECOLOGICOS
212,NORETISTERONA,0.35 MG,7.56,140,GINECOLOGICOS
213,PROMESTRIENO,10 MG,66.44,230,GINECOLOGICOS
214,SECNIDAZOL,1000 MG,66.27,145,GINECOLOGICOS
215,SUCCINATO DE SOLIFENACINA,5 MG,158.59,144,GINECOLOGICOS
216,SULFADIAZINA DE PRATA,10 MG,35.00,192,GINECOLOGICOS
217,TESTOSTERONA,10 MG,236.79,172,GINECOLOGICOS
218,TIBOLONA,2.5 MG,78.19,182,GINECOLOGICOS
219,TINIDAZOL,500 MG,10.50,152,GINECOLOGICOS
220,TINIDAZOL,30,35.43,242,GINECOLOGICOS
221,TINIDAZOL,20 MG,51.02,157,GINECOLOGICOS
222,TINIDAZOL,1000 MG,83.90,156,GINECOLOGICOS
223,UNDECILATO DE TESTOSTERONA,250 MG,435.40,204,GINECOLOGICOS
224,VALERATO DE ESTRADIOL MICRONIZADO,2 MG,74.50,184,GINECOLOGICOS
225,VITEX AGNUSCASTUS L.,40 MG,78.30,194,GINECOLOGICOS
226,ACIDO ASCORBICO,250 MG,44.17,164,GINECOLOGICOS
227,ACETATO DE CASPOFUNGINA,50 MG PO LIOF,857.53,254,ANTIVIRAIS E ANTIBIOTICOS
228,ACICLOVIR,400 MG,203.80,169,ANTIVIRAIS E ANTIBIOTICOS
229,ACICLOVIR SODICO,250 MG PO,52.45,168,ANTIVIRAIS E ANTIBIOTICOS
230,ALFAPEGINTERFERONA 2A,180 MCG,10.00,216,ANTIVIRAIS E ANTIBIOTICOS
231,ANFOTERICINA B,50 MG PO LIOF,246.90,196,ANTIVIRAIS E ANTIBIOTICOS
232,ANIDULAFUNGINA,100 MG PO LIOF,343.25,206,ANTIVIRAIS E ANTIBIOTICOS
233,CETOCONAZOL,200 MG,30.24,176,ANTIVIRAIS E ANTIBIOTICOS
234,CLORIDRATO DE LISINA,500 MG,115.95,266,ANTIVIRAIS E ANTIBIOTICOS
235,CLORIDRATO DE TERBINAFINA,250 MG,114.97,181,ANTIVIRAIS E ANTIBIOTICOS
236,CLORIDRATO DE VALACICLOVIR,500 MG,627.18,180,ANTIVIRAIS E ANTIBIOTICOS
237,CLORIDRATO DE VALGANCICLOVIR,450 MG,200.00,228,ANTIVIRAIS E ANTIBIOTICOS
238,CLORIDRATO DE VANCOMICINA,500 MG PO,761.30,208,ANTIVIRAIS E ANTIBIOTICOS
239,CONJUGADO DE POLISSACARIDEO CAPSULAR,PO LIOF INJ CT FA VD TRANS,159.18,218,ANTIVIRAIS E ANTIBIOTICOS
240,DAPTOMICINA,500 MG PO LIOF,52.87,188,ANTIVIRAIS E ANTIBIOTICOS
241,DOLUTEGRAVIR SODICO,50 MG,13.78,278,ANTIVIRAIS E ANTIBIOTICOS
242,DOLUTEGRAVIR SODICO,300,15.62,193,ANTIVIRAIS E ANTIBIOTICOS
243,DOLUTEGRAVIR SODICO,50 MG,41.72,192,ANTIVIRAIS E ANTIBIOTICOS
244,EFAVIRENZ,30 MG,435.90,240,ANTIVIRAIS E ANTIBIOTICOS
245,EFAVIRENZ,600MG,83.13,220,ANTIVIRAIS E ANTIBIOTICOS
246,ENFUVIRTIDA,90 MG,74.10,230,ANTIVIRAIS E ANTIBIOTICOS
247,ENTECAVIR MONOIDRATADO,0.5 MG,387.76,200,ANTIVIRAIS E ANTIBIOTICOS
248,ENTRICITABINA,200,13.71,290,ANTIVIRAIS E ANTIBIOTICOS
249,ETRAVIRINA,200 MG,24.71,205,ANTIVIRAIS E ANTIBIOTICOS
250,FANCICLOVIR,500 MG,455.72,204,ANTIVIRAIS E ANTIBIOTICOS
251,FLUCONAZOL,150 MG,27.70,252,ANTIVIRAIS E ANTIBIOTICOS
252,FOSFOMICINA TROMETAMOL,5.631 G GRAN,48.10,232,ANTIVIRAIS E ANTIBIOTICOS
253,FUMARATO DE TENOFOVIR DESOPROXILA,300 MG,486.29,242,ANTIVIRAIS E ANTIBIOTICOS
254,FUMARATO DE TENOFOVIR DESOPROXILA,300,990.84,212,ANTIVIRAIS E ANTIBIOTICOS
255,GANCICLOVIR,250 MG,16.61,302,ANTIVIRAIS E ANTIBIOTICOS
256,GANCICLOVIR SODICO,500 MG PO LIOF,246.06,217,ANTIVIRAIS E ANTIBIOTICOS
257,HEMIFUMARATO DE TENOFOVIR ALAFENAMIDA,50,40.42,216,ANTIVIRAIS E ANTIBIOTICOS
258,IMUNOGLOBULINA ANTID,750 UI,277.26,264,ANTIVIRAIS E ANTIBIOTICOS
259,IMUNOGLOBULINA ANTIRHOD,150 MCG,269.86,244,ANTIVIRAIS E ANTIBIOTICOS
260,IMUNOGLOBULINA G,0.1 G,32.18,254,ANTIVIRAIS E ANTIBIOTICOS
261,IMUNOGLOBULINA HETEROLOGA CONTRA VENENO DE TITYUS SERRULATUS,1.0 MG,22.68,224,ANTIVIRAIS E ANTIBIOTICOS
262,IMUNOGLOBULINA HUMANA,100 MG,34.06,314,ANTIVIRAIS E ANTIBIOTICOS
263,ITRACONAZOL,100 MG,141.77,229,ANTIVIRAIS E ANTIBIOTICOS
264,LAMIVUDINA,150 MG,46.45,228,ANTIVIRAIS E ANTIBIOTICOS
265,LAMIVUDINA,300,26.91,276,ANTIVIRAIS E ANTIBIOTICOS
266,LAMIVUDINA,300,242.24,256,ANTIVIRAIS E ANTIBIOTICOS
267,LETERMOVIR,240 MG,406.30,266,ANTIVIRAIS E ANTIBIOTICOS
268,LINEZOLIDA,2.0 MG,240.78,236,ANTIVIRAIS E ANTIBIOTICOS
269,MARAVIROQUE,150 MG,31.56,326,ANTIVIRAIS E ANTIBIOTICOS
270,MARIBAVIR,200 MG,522.70,240,ANTIVIRAIS E ANTIBIOTICOS
271,MICAFUNGINA SODICA,100 MG PO LIOF,395.80,288,ANTIVIRAIS E ANTIBIOTICOS
272,NEVIRAPINA,200 MG,60.35,268,ANTIVIRAIS E ANTIBIOTICOS
273,NISTATINA,500.000 UI DRG CT  ENV AL X 16,36.06,278,ANTIVIRAIS E ANTIBIOTICOS
274,POLISSACARIDEO DE HAEMOPHILUS INFLUENZAE TIPO B,PO LIOF INJ X 1 DOSE CT 1 FA VD TRANS,144.03,248,ANTIVIRAIS E ANTIBIOTICOS
275,POSACONAZOL,40 MG,25.82,70,ANTIVIRAIS E ANTIBIOTICOS
276,RALTEGRAVIR POTASSICO,400 MG,23.80,50,ANTIVIRAIS E ANTIBIOTICOS
278,RIBAVIRINA PORT. 344/98 LISTA C 1,250 MG,410.51,60,ANTIVIRAIS E ANTIBIOTICOS
279,SULFADIAZINA,500 MG,151.48,30,ANTIVIRAIS E ANTIBIOTICOS
280,SULFADIAZINA DE PRATA,1,45.64,120,ANTIVIRAIS E ANTIBIOTICOS
281,SULFATO DE ISAVUCONAZONIO,200 MG PO,17.65,35,ANTIVIRAIS E ANTIBIOTICOS
282,TEICOPLANINA,400 MG PO LIOF,775.32,34,ANTIVIRAIS E ANTIBIOTICOS
283,TIGECICLINA,50 MG PO LIOF,24.72,82,ANTIVIRAIS E ANTIBIOTICOS
284,TIGECICLINA,50 MG PO LIOF,24.67,62,ANTIVIRAIS E ANTIBIOTICOS
285,TOXOIDE PERTUSSIS,22 MG,13.22,72,ANTIVIRAIS E ANTIBIOTICOS
286,VORICONAZOL,200 MG PO LIOF,315.94,42,ANTIVIRAIS E ANTIBIOTICOS
287,ZIDOVUDINA,10 MG,16.70,132,ANTIVIRAIS E ANTIBIOTICOS
288,ZIDOVUDINA,150 MG,101.81,47,ANTIVIRAIS E ANTIBIOTICOS
289,ACIDO ACETILSALICILICO,100 MG,17.68,46,ANALGESICO
290,ACIDO ACETILSALICILICO,150,178.55,94,ANALGESICO
291,BENZOCAINA,200 MG,11.72,74,ANALGESICO
292,BUPRENORFINA,20 MG ADES TRANSD CT ENV AL,395.77,84,ANALGESICO
293,CAFEINA ANIDRA,500 MG,178.77,54,ANALGESICO
294,CAFEINA ANIDRA,500 MG,85.70,144,ANALGESICO
295,CAFEINA,15 MG,45.40,59,ANALGESICO
296,CAFEINA,400,168.94,58,ANALGESICO
297,CETOROLACO TROMETAMINA,20 MG,50.20,106,ANALGESICO
298,CITRATO DE CAFEINA,500,23.53,86,ANALGESICO
299,CITRATO DE FENTANILA,50 MCG,119.84,96,ANALGESICO
300,CITRATO DE FENTANILA,50 MCG,334.13,66,ANALGESICO
301,CITRATO DE FENTANILA,0.0785 MG,709.34,156,ANALGESICO
302,CITRATO DE SUFENTANILA,50 MCG,12.02,71,ANALGESICO
303,CLONIXINATO DE LISINA,250 MG,36.84,70,ANALGESICO
304,CLORIDRATO DE ALFENTANILA MONOIDRATADA,0.544 MG,459.78,118,ANALGESICO
305,CLORIDRATO DE BUPIVACAINA,5.0 MG,701.17,98,ANALGESICO
306,CLORIDRATO DE BUPIVACAINA,5,523.14,108,ANALGESICO
307,CLORIDRATO DE BUPIVACAINA,5.0 MG,166.44,78,ANALGESICO
308,CLORIDRATO DE CLONIDINA,150 MCG,134.66,168,ANALGESICO
309,CLORIDRATO DE DEXMEDETOMIDINA,100 MCG,659.10,83,ANALGESICO
310,CLORIDRATO DE ESCETAMINA,50 MG,419.09,82,ANALGESICO
311,CLORIDRATO DE LEVOBUPIVACAINA,5.0 MG,319.13,130,ANALGESICO
312,CLORIDRATO DE LIDOCAINA,2 GEL TOP CT BG AL X 30 G,45.50,110,ANALGESICO
313,CLORIDRATO DE LIDOCAINA,20MG,88.74,120,ANALGESICO
314,CLORIDRATO DE LIDOCAINA,50 MG,294.53,90,ANALGESICO
315,CLORIDRATO DE LIDOCAINA,10 MG,170.82,180,ANALGESICO
316,CLORIDRATO DE LIDOCAINA MONOIDRATADA,2 GEL TOP CT BG AL X 30 G,20.77,95,ANALGESICO
317,CLORIDRATO DE MEPIVACAINA,30MG,157.63,94,ANALGESICO
318,CLORIDRATO DE METADONA,10 MG,138.82,142,ANALGESICO
319,CLORIDRATO DE MIDAZOLAM,1 MG,292.75,122,ANALGESICO
320,CLORIDRATO DE NALBUFINA,10 MG,679.68,132,ANALGESICO
321,CLORIDRATO DE OXICODONA,10 MG,179.74,102,ANALGESICO
322,CLORIDRATO DE OXICODONA,20 MG,545.55,192,ANALGESICO
323,CLORIDRATO DE PETIDINA,50 MG,107.22,107,ANALGESICO
324,CLORIDRATO DE PROCAINA,23 MG,147.31,106,ANALGESICO
325,CLORIDRATO DE PROMETAZINA,500 MG,205.31,154,ANALGESICO
326,CLORIDRATO DE PROMETAZINA,500 MG,42.04,134,ANALGESICO
327,CLORIDRATO DE REMIFENTANILA,2 MG PO LIOF,219.84,144,ANALGESICO
328,CLORIDRATO DE ROPIVACAINA,10 MG,361.42,114,ANALGESICO
329,CLORIDRATO DE ROPIVACAINA MONOIDRATADO,2 MG,611.64,204,ANALGESICO
330,CLORIDRATO DE TAPENTADOL,50 MG,71.97,119,ANALGESICO
331,CLORIDRATO DE TRAMADOL,50,172.92,118,ANALGESICO
332,CLORIDRATO DE TRAMADOL,37.5,25.82,166,ANALGESICO
333,DESFLURANO,100 LIQ INAL CT 6 FR AL X 240 ML,16.32,146,ANALGESICO
334,DICLOFENACO SODICO,50 MG,82.34,156,ANALGESICO
335,DIPIRONA MONOIDRATADA,1G,233.31,126,ANALGESICO
336,DIPIRONA MONOIDRATADA,500 MG,13.86,216,ANALGESICO
337,DIPIRONA MONOIDRATADA,500 MG,15.92,131,ANALGESICO
338,DROPERIDOL,2.5 MG,530.17,130,ANALGESICO
339,EPINEFRINA,40 MG,126.51,178,ANALGESICO
340,EPINEFRINA,20 .00,148.43,158,ANALGESICO
341,EPINEFRINA,20MG,157.63,168,ANALGESICO
342,ETOMIDATO,2 MG,128.15,138,ANALGESICO
343,FENOL,24 MG,123.86,228,ANALGESICO
344,FENTANILA,2.1 MG ADES TRANSD MATRICIAL CT ENV X 5 ,203.45,143,ANALGESICO
345,FOSFATO DE CODEINA,30 MG,45.50,142,ANALGESICO
346,HEMITARTARATO DE EPINEFRINA,5 MG,344.72,190,ANALGESICO
347,HIDROXIBENZOATO DE VIMINOL,70 MG,113.39,170,ANALGESICO
348,IBUPROFENO,4 MG,117.63,180,ANALGESICO
349,IBUPROFENO,770 MG GRAN,47.21,150,ANALGESICO
350,IBUPROFENO,200,11.73,240,ANALGESICO
351,ION CITRATO,325 MG,10.13,155,ANALGESICO
352,ISOFLURANO,1 ML,584.81,154,ANALGESICO
353,LEVOMENTOL,105 MG,45.34,202,ANALGESICO
354,LIDOCAINA,50 MG,12.81,182,ANALGESICO
355,LIDOCAINA,50 MG,19.68,192,ANALGESICO
356,LIDOCAINA,25,85.73,162,ANALGESICO
357,LISINATO DE CLONIXINA,125 MG,24.54,252,ANALGESICO
358,MALEATO DE CLORFENAMINA,400 MG,14.39,167,ANALGESICO
359,MIDAZOLAM,1.0 MG,14.26,166,ANALGESICO
360,NIMESULIDA,100 MG,30.88,214,ANALGESICO
361,PARACETAMOL,100 MG,24.57,194,ANALGESICO
362,PARACETAMOL,500,45.50,204,ANALGESICO
363,PARACETAMOL,500,75.15,174,ANALGESICO
364,PARACETAMOL,250 MG,40.88,264,ANALGESICO
365,PARACETAMOL,500MG,22.78,179,ANALGESICO
366,PARACETAMOL,500,39.73,178,ANALGESICO
367,PROPOFOL,10 MG,146.92,226,ANALGESICO
368,SALIX ALBA L.,40 MG,37.81,206,ANALGESICO
369,SEVOFLURANO,1 ML,581.75,216,ANALGESICO
370,SULFATO DE MORFINA,10 MG,431.77,186,ANALGESICO
371,SULFATO DE MORFINA PENTAIDRATADO,30 MG,156.47,276,ANALGESICO
372,TIOPENTAL SODICO,1 G PO,937.53,191,ANALGESICO
373,TROMETAMOL CETOROLACO,10 MG,22.63,190,ANALGESICO
374,ACIDO ACETILSALICILICO,85 MG,176.38,238,ANALGESICO
375,ACIDO ACETILSALICILICO,400 MG,328.43,218,ANALGESICO
376,ACIDO CITRICO,325 MG,61.06,228,ANALGESICO
377,AGOMELATINA,25 MG,100.94,198,ANTINFLAMATORIO
378,ALPRAZOLAM,2 MG,133.81,288,ANTINFLAMATORIO
379,BROMAZEPAM,3 MG,18.99,203,ANTINFLAMATORIO
380,BROMIDRATO DE CITALOPRAM,20 MG,168.89,202,ANTINFLAMATORIO
381,BROMIDRATO DE VORTIOXETINA,5 MG,201.21,250,ANTINFLAMATORIO
382,CARBONATO DE LITIO,300 MG,234.08,230,ANTINFLAMATORIO
383,CITALOPRAM,20 MG,432.67,240,ANTINFLAMATORIO
384,CLOBAZAM,20 MG,29.60,210,ANTINFLAMATORIO
385,CLORIDRATO DE AMITRIPTILINA,75 MG,48.88,300,ANTINFLAMATORIO
386,CLORIDRATO DE BUPROPIONA,150 MG,201.36,215,ANTINFLAMATORIO
387,CLORIDRATO DE BUSPIRONA,5 MG,26.86,214,ANTINFLAMATORIO
388,CLORIDRATO DE CLOMIPRAMINA,25 MG,38.24,262,ANTINFLAMATORIO
389,CLORIDRATO DE DULOXETINA,30 MG,67.53,242,ANTINFLAMATORIO
390,CLORIDRATO DE ESCETAMINA,140 MG,21.18,252,ANTINFLAMATORIO
391,CLORIDRATO DE FLUOXETINA,20 MG,30.70,222,ANTINFLAMATORIO
392,CLORIDRATO DE IMIPRAMINA,25 MG,9.17,312,ANTINFLAMATORIO
393,CLORIDRATO DE NORTRIPTILINA,25 MG,454.89,227,ANTINFLAMATORIO
394,CLORIDRATO DE PAROXETINA,30 MG,161.05,226,ANTINFLAMATORIO
395,CLORIDRATO DE PAROXETINA HEMIHIDRATADO,20 MG,72.78,274,ANTINFLAMATORIO
396,CLORIDRATO DE SERTRALINA,50 MG,89.41,254,ANTINFLAMATORIO
397,CLORIDRATO DE TRAZODONA,50 MG,56.00,264,ANTINFLAMATORIO
398,CLORIDRATO DE VENLAFAXINA,37.5 MG,34.08,234,ANTINFLAMATORIO
399,DIAZEPAM,5 MG,11.43,324,ANTINFLAMATORIO
400,EXTRATO SECO DE HYPERICUM PERFORATUM L,100 MG,43.60,239,ANTINFLAMATORIO
401,EXTRATO SECO DE PASSIFLORA,260 MG,21.93,238,ANTINFLAMATORIO
402,LORAZEPAM,2 MG,15.23,286,ANTINFLAMATORIO
403,MALEATO DE FLUVOXAMINA,100 MG,459.67,266,ANTINFLAMATORIO
404,MIRTAZAPINA,15 MG,130.10,276,ANTINFLAMATORIO
405,OXALATO DE ESCITALOPRAM,15 MG,99.60,246,ANTINFLAMATORIO
406,SUCCINATO DE DESVENLAFAXINA MONOIDRATADO,100 MG,117.60,336,ANTINFLAMATORIO
407,TRANILCIPROMINA,10 MG,33.08,250,ANTINFLAMATORIO
408,VALERIANA OFFICINALIS L.,100.0 MG,35.27,298,ANTINFLAMATORIO
409,ACETATO DE GLATIRAMER,40 MG,55.41,278,ANTINFLAMATORIO
410,ALENTUZUMABE,10 MG,449.66,288,ANTINFLAMATORIO
411,ALFACERLIPONASE,30 MG,1.622.81,258,ANTINFLAMATORIO
412,ARMODAFINILA,150 MG,287.65,80,ANTINFLAMATORIO
413,BACOPA MONNIERI L. WETTST.,225 MG,99.84,60,ANTINFLAMATORIO
414,BETAINTERFERONA 1A,22 MCG,120.59,70,ANTINFLAMATORIO
415,BETAINTERFERONA 1B,9.6 MUI PO LIOF INJ CT 15 CT 1 FA VD INC,76.22,40,ANTINFLAMATORIO
416,BROMAZEPAM,1,45.59,130,ANTINFLAMATORIO
417,BROMETO DE PIRIDOSTIGMINA,60 MG,36.83,45,ANTINFLAMATORIO
418,BROMIDRATO DE GALANTAMINA,8 MG,159.15,44,ANTINFLAMATORIO
419,CLADRIBINA,10 MG,129.57,92,ANTINFLAMATORIO
420,CLORDIAZEPOXIDO,12.5 MG,9.94,72,ANTINFLAMATORIO
421,CLORIDRATO DE ATOMOXETINA,10 MG,22.29,82,ANTINFLAMATORIO
422,CLORIDRATO DE BETAISTINA,24 MG,26.91,52,ANTINFLAMATORIO
423,CLORIDRATO DE BUPROPIONA,150 MG,105.59,142,ANTINFLAMATORIO
424,CLORIDRATO DE DONEPEZILA,10 MG,117.16,57,ANTINFLAMATORIO
425,CLORIDRATO DE FINGOLIMODE,0.5 MG,59.10,56,ANTINFLAMATORIO
426,CLORIDRATO DE HIDROXOCOBALAMINA,PO,138.84,104,ANTINFLAMATORIO
427,CLORIDRATO DE MEMANTINA,10 MG,175.70,84,ANTINFLAMATORIO
428,CLORIDRATO DE MEMANTINA,10,439.27,94,ANTINFLAMATORIO
429,CLORIDRATO DE METILFENIDATO,10 MG,24.16,64,ANTINFLAMATORIO
430,CLORIDRATO DE NALOXONA,0.4 MG,426.17,154,ANTINFLAMATORIO
431,CLORIDRATO DE NALTREXONA,50 MG,332.77,69,ANTINFLAMATORIO
433,DICLORIDRATO DE BETAISTINA,32 MG,56.43,68,ANTINFLAMATORIO
434,DICLORIDRATO DE FLUNARIZINA,10 MG,10.57,116,ANTINFLAMATORIO
435,DIMESILATO DE LISDEXANFETAMINA,30 MG,336.95,96,ANTINFLAMATORIO
436,FAMPRIDINA,10 MG,725.84,106,ANTINFLAMATORIO
437,FLUMAZENIL,0.1 MG,807.34,76,ANTINFLAMATORIO
438,FOSFATO DISSODICO DE CITIDINA,1,68.40,166,ANTINFLAMATORIO
439,FUMARATO DE DIMETILA,240 MG,11.38,81,ANTINFLAMATORIO
440,GANGLIOSIDEO GM1,100 MG,265.06,80,ANTINFLAMATORIO
441,HEMITARTARATO DE RIVASTIGMINA,1.5 MG,151.25,128,ANTINFLAMATORIO
442,HIDROGENOTARTARATO DE RIVASTIGMINA,2 MG,408.17,108,ANTINFLAMATORIO
443,INOTERSENA NONADECASSODICA,200 MG,235.97,118,ANTINFLAMATORIO
444,METILSULFATO DE NEOSTIGMINA,0.5 MG,2.38,88,ANTINFLAMATORIO
445,MODAFINILA,200 MG,225.70,178,ANTINFLAMATORIO
446,MODAFINILA,100 MG,112.85,93,ANTINFLAMATORIO
447,NATALIZUMABE,20 MG,69.77,92,ANTINFLAMATORIO
448,NICOTINA,2 MG GOMA CT BL AL PLAS TRANS X 30,60.40,140,ANTINFLAMATORIO
449,OCRELIZUMABE,30 MG,392.66,120,ANTINFLAMATORIO
450,OFATUMUMABE,20 MG,112.19,130,ANTINFLAMATORIO
451,PATISIRANA SODICA,2 MG,787.94,100,ANTINFLAMATORIO
452,PIDOLATO DE PIRIDOXINA,500 MG,51.79,190,ANTINFLAMATORIO
453,PIRACETAM,60 MG,13.39,105,ANTINFLAMATORIO
454,RILUZOL,50 MG,15.09,104,ANTINFLAMATORIO
455,RIVASTIGMINA,9 MG ADES TRANSD CT ENV PAP,530.41,152,ANTINFLAMATORIO
456,SATRALIZUMABE,120 MG,463.41,132,ANTINFLAMATORIO
457,SUGAMADEX SODICO,100 MG,42.35,142,ANTINFLAMATORIO
458,SULBUTIAMINA,200 MG,119.38,112,ANTINFLAMATORIO
459,TAFAMIDIS MEGLUMINA,20 MG,1.137.60,202,ANTINFLAMATORIO
460,TERIFLUNOMIDA,14 MG,74.62,117,ANTINFLAMATORIO
461,TETRAIDROCANABINOL,27 MG,28.93,116,ANTINFLAMATORIO
462,URIDINA5'TRIFOSFATO TRISSODICA,1,388.25,164,ANTINFLAMATORIO
463,VUTRISIRANA SODICA,50 MG,420.38,144,ANTINFLAMATORIO
464,ACIDO FUMARICO SIPONIMODE,2.0 MG,637.57,154,ANTINFLAMATORIO
